encounter_id,patient_id,provider_id,facility_id,event_date,age,gender,chronic_condition,emergency_visit,length_of_stay,total_cost,readmitted_30d,diagnosis_code,payer_type
1,1,1,1,2026-01-05,67,F,1,1,4,8420.50,1,E11,medicare
2,2,2,2,2026-01-06,45,M,1,0,2,3150.25,0,J45,commercial
3,3,3,3,2026-01-07,72,F,1,1,6,12480.75,1,J44,medicare
4,4,4,4,2026-01-08,38,M,1,0,1,1850.00,0,M19,commercial
5,5,1,1,2026-01-09,81,F,1,1,7,15890.20,1,I50,medicare
6,6,2,2,2026-01-10,54,M,1,0,3,4725.40,0,I10,medicaid
7,7,3,3,2026-01-11,63,F,1,1,5,9635.10,0,E11,medicare
8,8,4,4,2026-01-12,29,M,1,0,2,2680.90,0,J45,commercial
9,9,1,1,2026-01-13,76,F,1,1,8,17640.35,1,J44,medicare
10,10,2,2,2026-01-14,59,M,1,0,4,6210.80,0,I10,commercial
11,11,3,3,2026-01-15,70,F,1,1,5,11325.60,1,I50,medicare
12,12,4,4,2026-01-16,47,M,1,0,2,2980.15,0,M19,commercial
13,13,1,1,2026-01-17,66,F,1,1,4,7840.45,1,E11,medicaid
14,14,2,2,2026-01-18,35,M,1,0,1,1725.30,0,J45,commercial
15,15,3,3,2026-01-19,78,F,1,1,6,13980.90,1,J44,medicare
16,16,4,4,2026-01-20,52,M,1,0,3,4385.75,0,I10,commercial
17,17,1,1,2026-01-21,69,F,1,1,5,10250.25,1,I50,medicare
18,18,2,2,2026-01-22,43,M,1,0,2,2540.60,0,M19,medicaid
19,19,3,3,2026-01-23,61,F,1,1,4,7315.80,0,E11,commercial
20,20,4,4,2026-01-24,31,M,1,0,1,1490.45,0,J45,commercial
21,21,1,1,2026-01-25,74,F,1,1,7,15120.70,1,J44,medicare
22,22,2,2,2026-01-26,57,M,1,0,3,5125.90,0,I10,commercial
23,23,3,3,2026-01-27,68,F,1,1,5,10875.35,1,I50,medicare
24,24,4,4,2026-01-28,49,M,1,0,2,2765.20,0,M19,medicaid
